{"ZEQUIN":"See Sequin.","MILLWRIGHT":"A mechanic whose occupation is to build mills, or to set uptheir machinery.","PHOTOGRAPHOMETER":"An instrument for determining the sensibility of the platesemployed in photographic processes to luminous rays.","SCHEELIUM":"The metal tungsten. [Obs.]","ALVEOLATE":"Deeply pitted, like a honeycomb.","LIMULUS":"The only existing genus of Merostomata. It includes only a fewspecies from the East Indies, and one (Limulus polyphemus) from theAtlantic coast of North America. Called also Molucca crab, king crab,horseshoe crab, and horsefoot.","OSMUND":"A fern of the genus Osmunda, or flowering fern. The mostremarkable species is the osmund royal, or royal fern (Osmundaregalis), which grows in wet or boggy places, and has large bipinnatefronds, often with a panicle of capsules at the top. The rootstockcontains much starch, and has been used in stiffening linen.","POTTEEN":"See Poteen.","UNDERRUN":"To run or pass under; especially (Naut.), to pass along andunder, as a cable, for the purpose of taking it in, or of examiningit.","EMPLASTIC":"Fit to be applied as a plaster; glutinous; adhesive; as,emplastic applications.","RHYTHMICS":"The department of musical science which treats of the length ofsounds.","PLEUROPTERA":"A group of Isectivora, including the colugo.","UNBLOODY":"Not bloody. Dryden. Unbloody sacrifice. (a) A sacrifice inwhich no victim is slain. (b) (R. C. Ch.) The Mass.","CINCINNUS":"A form of monochasium in which the lateral branches arisealternately on opposite sides of the false axis; -- called alsoscorpioid cyme. --Cin*cin\"nal (#), a.","INDOCILITY":"The quality or state of being indocile; dullness of intellect;unteachableness; intractableness.The stiffness and indocility of the Pharisees. W. Montagu.","TELEOCEPHIAL":"An extensive order of bony fishes including most of the commonmarket species, as bass, salmon, cod, perch, etc.","CANEBRAKE":"A thicket of canes. Ellicott.","QUININIC":"Pertaining to, or designating, a nitrogenous acid obtained as ayellow crystalline substance by the oxidation of quinine.","RICINIC":"Pertaining to, or derived from, castor oil; formerly,designating an acid now called ricinoleic acid.","TELLURAL":"Of or pertaining to the earth. [R.]","OTHERNESS":"The quality or state of being other or different; alterity;oppositeness.","FASCICLE":"A small bundle or collection; a compact cluster; as, a fascicleof fibers; a fascicle of flowers or roots.","REENJOYMENT":"Renewed enjoiment.","LONGIROSTER":"One of the Longirostres.","RHAPSODIZE":"To utter as a rhapsody, or in the manner of a rhapsody Sterne.","WATER VIOLET":"See under Violet.","TRUNCHEONED":"Having a truncheon.","ISLAM":"submission to god","H":"mee","HELLO":"man","የአዲስ አበባ ሰማይ ጠቀስ ሕንፃዎች ለግንባታ ፈቃድ ባለሥልጣን ፈተና ሆነዋል":"ከጥቂት ዓመት ወዲህ በአዲስ አበባ ከተማ ሰማይ ጠቀስ ሕንፃዎች እየተገነቡ ቢሆንም፣ የአዲስ አበባ ከተማ አስተዳደር የግንባታ ፈቃድና ቁጥጥር ባለሥልጣን ለሕንፃዎቹ ራሱን ችሎ ፈቃድ የሚሰጥበትም ሆነ የሚቆጣጠርበት ደረጃ ላይ እንዳልደረሰ ተመለከተ፡፡ በአሁኑ ወቅት በአዲስ አበባ ከተማ 26 ሺሕ ሕንፃዎች በግንባታ ላይ መሆናቸውን፣ በዚህ ዓመት በማዕከል ደረጃ ለ500 ፕሮጀክቶች የግንባታ ፈቃድ መሰጠቱ ታውቋል፡፡","mekd":"ma","aa":"sss","mekdi":"mekdi","mek":"kir","ki":"mekdi","kir":"mek","mekdiye":"k","dd":"sssssss","ብሔራዊ የትራንስፖርት ፖሊሲ ተረቀቀ":"በተበታተነ መልክ ሲካሄድ የነበረውን የትራንስፖርት ዘርፍ ልማት በተሳለጠ ሁኔታ ያሳድጋል የተባለው የተቀናጀ ብሔራዊ የትራንስፖርት ፖሊሲ፣ በትራንስፖርት ሚኒስቴር ተረቆ ለውይይት ቀረበ፡፡","mekdddddiii":"marrrrrrrr","hello":"mekdiiii","የዓለም ንግድ ምክር ቤቶች ጉባዔ አዘጋጅነት ለተባበሩት ዓረብ ኤሚሬቶች ተሰጠ":"ብዙ ተስፋ የተጣለበትና ኢትዮጵያና ኬንያ ተፋጥጠውበት የነበረው የዓለም ንግድ ምክር ቤቶች ጉባዔን የማዘጋጀት ዕድል ለተባበሩት ዓረብ ኤሚሬቶች ተሰጠ፡፡ኢትዮጵያን ጨምሮ ኬንያ፣ የተባበሩት ዓረብ ኤሚሬቶች፣ ጆርዳን፣ ኦማንና ኢራን ሲፎካከሩበት የነበረው የንግድ ምክር ቤቶች ጉባዔ ኢትዮጵያ እንዴት ልታሰናዳ እንደተዘጋጀች የሚያመለክተው ሰነድ ለዓለም ንግድ ምክር ቤቶች ጉባዔ ተልኮ እንደነበር ይታወሳል፡፡","Ethiopia to Amend the Controversial Anti-terrorism Proclamation":"Ethiopia’s government plans to amend parts of the nation’s anti-terror law as the high court dropped terrorism charges against the heads of two U.S.-based opposition groups. The Ethiopian People’s Revolutionary Democratic Front and other...","የዓለም ንግድ ምክር ቤቶች ጉባዔ አዘጋጅነት ለተባበሩት ዓረብ ኤሚሬቶች ተሰጠEthiopia to Amend the Controversial Anti-terrorism Proclamation":"ብዙ ተስፋ የተጣለበትና ኢትዮጵያና ኬንያ ተፋጥጠውበት የነበረው የዓለም ንግድ ምክር ቤቶች ጉባዔን የማዘጋጀት ዕድል ለተባበሩት ዓረብ ኤሚሬቶች ተሰጠ፡፡ኢትዮጵያን ጨምሮ ኬንያ፣ የተባበሩት ዓረብ ኤሚሬቶች፣ ጆርዳን፣ ኦማንና ኢራን ሲፎካከሩበት የነበረው የንግድ ምክር ቤቶች ጉባዔ ኢትዮጵያ እንዴት ልታሰናዳ እንደተዘጋጀች የሚያመለክተው ሰነድ ለዓለም ንግድ ምክር ቤቶች ጉባዔ ተልኮ እንደነበር ይታወሳል፡፡Ethiopia’s government plans to amend parts of the nation’s anti-terror law as the high court dropped terrorism charges against the heads of two U.S.-based opposition groups. The Ethiopian People’s Revolutionary Democratic Front and other...","ፓርላማው የአስቸኳይ ጊዜ አዋጁን አነሳ":"ፓርላማው ማክሰኞ ግንቦት 28 ቀን 2010 ዓ.ም. ባደረገው መደበኛ ስብሰባ የአስቸኳይ ጊዜ አዋጁን ለማንሳት የቀረበለትን ረቂቅ አዋጅ በስምንት ድምፀ ተዓቅቦ አጸደቀ፡፡"}